,title_id,Country,Budget,Opening Weekend USA,Gross USA,Cumulative Worldwide Gross,Runtime
0,tt4355244,Italy,,,,,
1,tt4355494,Argentina,,,,,60 min
2,tt4356840,India,,,,,46 min
3,tt4356952,UK,"GBP10,000",,,,
4,tt4358230,Poland,,"$2,457,","$2,457",,90 min
5,tt4359602,Netherlands,,,,,86 min
6,tt4364154,Poland,,,,,20 min
7,tt4365376,Sweden,,,,,73 min
8,tt4366538,Egypt,,,,,28 min
9,tt4368086,Brazil,,,,,80 min
10,tt4368862,New Zealand,,,,,80 min
11,tt4371276,USA,,,,,82 min
12,tt4371286,USA,,,,,24 min
13,tt4372390,UK,,"$145,","$1,788","$1,788",97 min
14,tt4372456,USA,,,,,
15,tt4372766,USA,"$150,000",,,,
16,tt4374462,Germany,,,,,60 min
17,tt4374990,United Arab Emirates,"$200,000",,,,85 min
18,tt4375438,Chile,,"$6,514,","$52,761","$541,515",98 min
19,tt4378980,USA,,,,,
20,tt4381406,France,,,,,
21,tt4385492,USA,,,,,8 min
22,tt4388606,Puerto Rico,"$230,000",,,,113 min
23,tt4389172,Portugal,,,,,
24,tt4389678,Canada,"CAD15,000",,,,
25,tt4391948,France,,,,,52 min
26,tt4393334,Syria,,,,,15 min
27,tt4394402,Turkey,,,,"$3,005",81 min
28,tt4396584,USA,,,,,74 min
29,tt4396686,UK,,,,,
30,tt4397346,Sweden,,,"$28,072","$28,072",90 min
31,tt4400034,Ireland,,,,,
32,tt4400086,France,,,,"$350,965",89 min
33,tt4401884,India,,,,,190 min
34,tt4403890,Brazil,"BRL20,000",,,,39 min
35,tt4405142,USA,,,,,
36,tt4408104,Australia,,,,,103 min
37,tt4408190,Mexico,,,,,
38,tt4416680,India,,,,,110 min
39,tt4418898,UK,"GBP10,500",,,,104 min
40,tt4419864,Chile,"$320,000",,,"$567,883",97 min
41,tt4421654,USA,,,,,90 min
42,tt4424510,France,"CAD25,000",,,,50 min
43,tt4424560,USA,,,,,66 min
44,tt4424930,USA,,,,,92 min
45,tt4425494,Thailand,,,,"$78,920",
46,tt4425518,USA,,,,,85 min
47,tt4426204,Canada,CAD500,,,,
48,tt4426248,Colombia,,,,,
49,tt4426464,India,"CAD61,000,000","$2,901,335,","$5,801,249","$9,877,855",92 min
50,tt4428762,France,,"$390,",$675,"$53,780",110 min
51,tt4428878,Germany,,,,,53 min
52,tt4429678,USA,,,,,90 min
53,tt4430460,USA,"$5,000",,,,
54,tt4430992,South Korea,,,"$164,167","$11,750,035",122 min
55,tt4433116,USA,"$37,000",,,,51 min
56,tt4434684,USA,"$8,800",,,,
57,tt4437694,Canada,,,,,47 min
58,tt4438182,Israel,"$1,000,000",,,,
59,tt4438758,Peru,"$250,000",,,,75 min
60,tt4444974,USA,,,,,83 min
61,tt4451552,India,,,,,
62,tt4451670,Turkey,TRL500,,,,
63,tt4452274,Canada,,,,,110 min
64,tt4452756,Serbia,,,,,48 min
65,tt4458806,Japan,,,,,80 min
66,tt4459926,USA,,,,,46 min
67,tt4460384,USA,,,,,
68,tt4463896,Switzerland,,,,,68 min
69,tt4465938,Bangladesh,,,,,
70,tt4470778,Switzerland,,,,,
71,tt4471018,USA,"$10,000",,,,120 min
72,tt4473300,USA,"$100,000",,,,
73,tt4474766,USA,"$150,000",,,,
74,tt4477234,UK,,,,,52 min
75,tt4479870,India,,,,,140 min
76,tt4480032,Spain,"EUR6,000",,,,
77,tt4480334,Malaysia,,,,,
78,tt4484426,Hong Kong,,,,"$2,166,063",119 min
79,tt4489416,Japan,,,,"$8,852,989",119 min
80,tt4500534,USA,"$127,000",,,,49 min
81,tt4500728,USA,"$127,000",,,,48 min
82,tt4502432,UK,,,,,72 min
83,tt4504220,USA,"$50,000",,,,68 min
84,tt4504426,USA,$500,,,,101 min
85,tt4506106,India,"INR30,000,000",,,,144 min
86,tt4509614,South Korea,,,,,94 min
87,tt4515400,Brazil,,,,,57 min
88,tt4517574,South Africa,,,,,86 min
89,tt4517608,USA,,,,,85 min
90,tt4517624,Turkey,"$3,000,000",,,"$115,523",85 min
91,tt4518952,USA,,,,,
92,tt4519000,USA,,,,,
93,tt4519312,Canada,"ZAR20,000,000",,,,91 min
94,tt4522582,Portugal,,,,,51 min
95,tt4523530,Poland,,,,"$41,213",126 min
96,tt4952478,USA,,,,,20 min
97,tt4955004,Japan,,,,,
98,tt4958668,USA,,,,,66 min
99,tt4961334,India,,,,"$74,236",154 min
100,tt4964310,Hungary,"HUF3,000,000,000",,,"$2,462,699",121 min
101,tt4965184,USA,,,,,
102,tt4966656,Taiwan,,,,,80 min
103,tt4970524,Canada,,,,,55 min
104,tt4971758,Norway,"NOK4,811,200",,,,91 min
105,tt4973214,USA,,,,,92 min
106,tt4973416,USA,,,,,47 min
107,tt4975482,China,"$12,000,000",,,,
108,tt4982682,UK,$0,,,,84 min
109,tt4983630,Israel,"$2,000,000",,,,110 min
110,tt4986754,USA,,,,,88 min
111,tt4991306,USA,,,,,50 min
112,tt4991384,India,,,,"$1,943",117 min
113,tt4991686,USA,,,,,105 min
114,tt4995108,Italy,"EUR5,000",,,,138 min
115,tt4995838,USA,,,,,97 min
116,tt4999374,USA,$500,,,,74 min
117,tt5001852,USA,,,,,
118,tt5005094,UK,"GBP600,000",,,,
119,tt5012370,India,,,,,91 min
120,tt5012400,Algeria,EUR0,,,,100 min
121,tt5017134,Austria,,,,,70 min
122,tt5020586,USA,,,,,
123,tt5022368,USA,,,,,
124,tt5031102,USA,,,,,82 min
125,tt5032896,USA,,,,,71 min
126,tt5033860,USA,,,,,77 min
127,tt5035240,Brazil,,,,,65 min
128,tt5037358,Italy,"$2,000,000",,,,85 min
129,tt5038372,France,,,,"$1,072,710",94 min
130,tt5038432,Spain,,,,,
131,tt5040904,India,,,,,
132,tt5046264,France,,,,,74 min
133,tt5046404,UK,"GBP15,000",,,,
134,tt5048406,France,,"$3,728,","$12,273","$12,273",137 min
135,tt5050332,USA,"$12,000",,,,62 min
136,tt5050864,Italy,"$220,000",,,,
137,tt5051356,Poland,"PLN3,450,000",,,,98 min
138,tt5057300,Norway,NOK45,,,"$2,498,851",95 min
139,tt5058222,USA,"$12,000",,,,119 min
140,tt5062072,USA,"$22,000",,,,82 min
141,tt5065346,Spain,,,,"$39,071",80 min
142,tt5065454,South Africa,"ZAR6,000,000",,,,
143,tt5066056,USA,,,,,95 min
144,tt5068172,Japan,,,,,
145,tt5068818,Germany,,,,,93 min
146,tt5070426,Canada,,,,,36 min
147,tt5076126,USA,,,,,10 min
148,tt5080356,France,,,,,82 min
149,tt5081304,USA,,,,,91 min
150,tt5085872,UK,,,,,
151,tt5086046,Canada,,,,,82 min
152,tt5086684,Italy,,,,,110 min
153,tt5088808,Cyprus,,,,,75 min
154,tt5090136,India,,,,,124 min
155,tt5093350,USA,"$20,000",,,,79 min
156,tt5094672,Argentina,,,,,41 min
157,tt5095830,USA,,,,,106 min
158,tt5097058,India,,,,,118 min
159,tt5097784,USA,,,,,60 min
160,tt5098214,USA,,,,,8 min
161,tt5098740,Japan,,,,,108 min
162,tt5099008,UK,,,,,75 min
163,tt5101966,Japan,,,,,
164,tt5102578,Spain,,,,,
165,tt5103610,Colombia,"$210,000",,,"$508,630",90 min
166,tt5104798,UK,,,,,140 min
167,tt5104968,Canada,,,,,162 min
168,tt5105214,USA,,,,,65 min
169,tt5108902,USA,,,,,
170,tt5116460,Finland,"EUR1,500",,,,125 min
171,tt5116958,France,"EUR500,000",,,,
172,tt5119564,USA,,,,,50 min
173,tt5120072,USA,,,,,94 min
174,tt5120158,USA,,,,,115 min
175,tt5121762,Sweden,,,,,80 min
176,tt5122590,Canada,"CAD140,000",,,,48 min
177,tt5123412,Austria,,,,"$79,707",95 min
178,tt5124332,Argentina,,,,,75 min
179,tt5124774,UK,,,,"$1,516,190",96 min
180,tt5126684,USA,,,,,53 min
181,tt5126792,Germany,,,,"$3,963,295",96 min
182,tt5126986,USA,,,,,90 min
183,tt5127484,USA,,,,,65 min
184,tt5127592,USA,,,,,55 min
185,tt5127826,Canada,,,,,70 min
186,tt5128890,Australia,,,,,5 min
187,tt5130348,India,,,,,
188,tt5130824,USA,,,,,89 min
189,tt5132170,Netherlands,,,,,73 min
190,tt5132364,USA,,,,,105 min
191,tt5132628,USA,,,,,100 min
192,tt5133098,Switzerland,"EUR5,500",,,,
193,tt5134588,USA,,,,"$211,664",90 min
194,tt5135182,Canada,,,,,22 min
195,tt5135348,USA,,,,,87 min
196,tt5135424,Spain,,,,,90 min
197,tt5135430,Spain,,,,,46 min
198,tt5136218,UK,,,,,"5,460 min"
199,tt5136576,Algeria,,,,,103 min
200,tt5136864,Poland,,,,,76 min
201,tt5138280,Poland,"$350,000",,,"$5,475",72 min
202,tt5140848,Denmark,"DKK2,300,000",,,,62 min
203,tt5142610,China,,,,,95 min
204,tt5142938,Jamaica,,,,,59 min
205,tt5143226,USA,,,,,85 min
206,tt5150534,Austria,,,,,74 min
207,tt5151384,USA,,,,,
208,tt5151568,Taiwan,,,,,160 min
209,tt5152396,Japan,,,,,79 min
210,tt5152716,Sweden,,,,,90 min
211,tt5153158,Mexico,,,,,82 min
212,tt5154954,South Africa,,,,,86 min
213,tt5157456,Russia,"RUR1,250,000,000",,,"$29,161,298",133 min
214,tt5159426,Germany,,,,,52 min
215,tt5161028,Slovenia,,,,,106 min
216,tt5162904,UK,,,,,
217,tt5165776,Mexico,"MXN10,000,000",,,,
218,tt5167168,USA,"$7,000",,,,90 min
219,tt5167754,Japan,,,,,70 min
220,tt5169582,Indonesia,,,,,127 min
221,tt5171494,USA,,,,,96 min
222,tt5172232,USA,"$20,000",,,,46 min
223,tt5176560,USA,,,,,121 min
224,tt5177706,USA,,,,,
225,tt5178534,Japan,,,,,
226,tt5179196,USA,"$300,000",,,,
227,tt5179876,USA,,,,,85 min
228,tt5180266,Russia,,,,,151 min
229,tt5181256,Netherlands,,,,,
230,tt5184474,USA,"$300,000",,,,90 min
231,tt5185952,USA,,,,,81 min
232,tt5187964,Netherlands,"GBP3,500",,,,
233,tt5189440,France,,,,"$425,144",95 min
234,tt5193262,UK,"GBP100,000",,,,
235,tt5194466,USA,,,,,68 min
236,tt5196148,Italy,EUR400,,,,83 min
237,tt5196540,Ukraine,,,,,64 min
238,tt5199610,UK,,,,,73 min
239,tt5201246,USA,"$1,000,000",,,,88 min
240,tt5201994,USA,"$35,000",,,,
241,tt5203722,Germany,"EUR10,000",,,,79 min
242,tt5204554,USA,"$50,000",,,,
243,tt5204816,Netherlands,,,,,76 min
244,tt5205204,USA,$1,,,,
245,tt5206834,USA,,,,,
246,tt5207378,USA,,,,,94 min
247,tt5207840,Brazil,,,,,95 min
248,tt5212542,USA,"$10,000",,,,90 min
249,tt5218820,USA,$98,,,,62 min
250,tt5220122,USA,"$80,000,000","$44,076,225,","$167,510,016","$528,583,774",97 min
251,tt5226566,India,,,,,
252,tt5226696,Netherlands,,,,,128 min
253,tt5228782,Russia,,,,,66 min
254,tt5229180,,,,,,
255,tt5232488,Vietnam,,,,"$222,207",95 min
256,tt5235694,USA,,,,,
257,tt5235752,USA,"$200,000",,,,
258,tt5237280,USA,"$50,000",,,,
259,tt5239378,UK,"EUR3,275,500",,,,90 min
260,tt5242076,India,,,,,
261,tt5242920,UK,"$2,000,000",,,,87 min
262,tt5247392,USA,"$710,000",,,,120 min
263,tt5252296,Italy,"EUR7,000",,,,60 min
264,tt5254612,USA,,,,,79 min
265,tt5254728,USA,,,,,81 min
266,tt5260298,Estonia,,,,,29 min
267,tt5261818,Mexico,,,,,78 min
268,tt5262746,Germany,,,,,48 min
269,tt5266004,Tanzania,,,,,93 min
270,tt5266470,USA,,,,,100 min
271,tt5266858,France,,,,,48 min
272,tt5267536,France,,,,,
273,tt5268872,Canada,,,,,64 min
274,tt5269634,Germany,,,,,60 min
275,tt5270040,USA,,,,,60 min
276,tt5273068,,,,,,
277,tt5274666,Denmark,"DKK6,000,000",,,"$910,942",78 min
278,tt5275830,France,,"$16,695,","$355,074","$365,540",93 min
279,tt5277298,USA,,,,,85 min
280,tt5278400,France,,,,,
281,tt5278466,USA,,,,"$8,236",111 min
282,tt5280626,Sweden,,,,"$941,777",100 min
283,tt5280738,USA,,,,,92 min
284,tt5281678,,,,,,91 min
285,tt5281910,Australia,"AUD17,500",,,,89 min
286,tt5282238,USA,$600,,,,
287,tt5285204,Venezuela,,,,,120 min
288,tt5288532,USA,,,,,86 min
289,tt5290004,UK,"GBP1,000",,,,80 min
290,tt5294554,USA,,,,,110 min
291,tt5294770,USA,$300,,,,102 min
292,tt5295838,Turkey,,,,"$1,452,072",100 min
293,tt5299196,USA,,,,,
294,tt5299666,Australia,"AUD20,000",,,,120 min
295,tt5301784,France,"EUR50,000",,,,52 min
296,tt5302556,USA,,,,,83 min
297,tt5302910,Canada,,,,,7 min
298,tt5306218,Japan,,,,,70 min
299,tt5306238,Japan,,,,,70 min
300,tt5308346,Argentina,,,,,
301,tt5308554,Bosnia and Herzegovina,,,,,72 min
302,tt5310246,Morocco,"MAD890,000,000",,,,90 min
303,tt5312354,China,,,,"$4,640,721",94 min
304,tt5314114,Ecuador,,,,,
305,tt5315180,India,"INR10,000,000",,,,
306,tt5317568,Brazil,,,,,88 min
307,tt5320514,India,,,,"$24,233",144 min
308,tt5320860,USA,,,,,61 min
309,tt5321392,South Korea,,,,,92 min
310,tt5323946,USA,,,,,79 min
311,tt5326208,Japan,,,,,69 min
312,tt5326586,Canada,,,,,
313,tt5332134,USA,"$60,000",,,,
314,tt5333088,France,,,,,
315,tt5333710,UK,,,,,84 min
316,tt5335034,Malaysia,,,,,
317,tt5335062,USA,,,,,95 min
318,tt5336902,Greece,,,,,86 min
319,tt5337758,Netherlands,,,"$172,533","$201,907",86 min
320,tt5338100,China,,,,,
321,tt5338992,Brazil,BRL900,,,,76 min
322,tt5341036,Philippines,,,,"$65,934",112 min
323,tt5343218,USA,"$1,000",,,,
324,tt5343512,Switzerland,,,,,
325,tt5348688,Greece,,,,,
326,tt5348692,India,"INR300,000",,,,
327,tt5348774,Germany,,,,,86 min
328,tt5349016,Canada,"CAD800,000",,,,55 min
329,tt5350724,Japan,,,,,
330,tt6139626,USA,"$500,000",,,,93 min
331,tt6140256,USA,,,,,
332,tt6142574,USA,,,,,85 min
333,tt6142600,France,,,,,52 min
334,tt6143626,USA,,,,,76 min
335,tt6149134,UK,,,,,94 min
336,tt6150718,USA,"$500,000",,,,
337,tt6154178,USA,,,,,85 min
338,tt6157780,USA,,,,,85 min
339,tt6158692,Thailand,,,,,87 min
340,tt6163094,USA,"$35,000",,,,
341,tt6165342,Russia,"RUR86,000,000",,,"$350,708",89 min
342,tt6166002,Germany,,,,"$42,523",86 min
343,tt6166196,USA,,,,,87 min
344,tt6167074,Brazil,,,,,
345,tt6167076,Philippines,,,,,
346,tt6167774,Puerto Rico,,,,,90 min
347,tt6169934,USA,"$10,000",,,,86 min
348,tt6172666,USA,,,,,87 min
349,tt6174226,USA,,,,,81 min
350,tt6176454,Mexico,,,,,106 min
351,tt6181856,India,,,,,130 min
352,tt6183180,USA,,,,,103 min
353,tt6183834,France,,,,"$5,734,206",104 min
354,tt6191876,USA,,,,,94 min
355,tt6194632,India,,,,,75 min
356,tt6198212,Netherlands,,,,,15 min
357,tt6199818,Spain,,,,,83 min
358,tt6201794,USA,"$31,000",,,,
359,tt6201950,France,EUR0,,,,
360,tt6201964,Germany,,,,,
361,tt6205996,USA,"$500,000",,,"$10,864",85 min
362,tt6210328,Netherlands,,,,,90 min
363,tt6212558,USA,"$10,000",,,,127 min
364,tt6213994,Croatia,,,,"$24,518",98 min
365,tt6214416,Belgium,,,,,
366,tt6215718,USA,,,,,10 min
367,tt6215864,Germany,EUR0,,,,105 min
368,tt6215910,Turkey,,,,"$6,225,902",109 min
369,tt6217608,USA,,"$42,244,","$2,419,031","$3,434,963",104 min
370,tt6221540,USA,,,,,115 min
371,tt6223006,USA,,,,,95 min
372,tt6223030,USA,,,,,83 min
373,tt6227164,Iran,,,,,76 min
374,tt6233272,USA,,,,,
375,tt6234184,Germany,"EUR15,000",,,,
376,tt6237268,USA,"$18,000,000",,,,79 min
377,tt6243518,USA,"$40,000",,,,60 min
378,tt6244666,USA,"$5,000",,,,90 min
379,tt6244688,Thailand,,,,,92 min
380,tt6244938,Iran,,,,,
381,tt6246202,Canada,,,,,91 min
382,tt6253942,France,,,,"$744,789",98 min
383,tt6254344,USA,,,,,52 min
384,tt6256234,Spain,"EUR2,000",,,,
385,tt6256408,USA,,,,,52 min
386,tt6256802,Denmark,,,,,56 min
387,tt6256984,Turkey,,,,"$1,023",
388,tt6259458,USA,"$5,900,000",,,,101 min
389,tt6265828,USA,"$100,000","$104,030,","$1,596,371","$1,951,683",92 min
390,tt6269076,China,"$100,000",,,,78 min
391,tt6271110,Philippines,,,,"$31,108",115 min
392,tt6271404,Philippines,,,"$30,985",,90 min
393,tt6271638,Philippines,,,,,110 min
394,tt6273424,UK,GBP500,,,,45 min
395,tt6275262,India,,,,"$172,266",120 min
396,tt6278050,USA,,,,,169 min
397,tt6279008,Argentina,,,,,105 min
398,tt6283190,USA,"$45,000",,,,
399,tt6283934,USA,"$1,850,000",,,,
400,tt6286358,India,"INR20,000,000",,,,
401,tt6286668,India,,,,"$2,354,749",99 min
402,tt6287418,USA,$0,,,,
403,tt6290444,Mexico,,,,,90 min
404,tt6296184,Japan,,,,,79 min
405,tt6299804,France,"EUR300,000",,,,
406,tt6302214,France,,,,,64 min
407,tt6304754,India,,,,,
408,tt6312930,Russia,,,,,
409,tt6315090,China,,,,,15 min
410,tt6316466,USA,,,,"$305,609",95 min
411,tt2969704,Nigeria,"NGN7,000,000",,,,
412,tt2972122,Costa Rica,,,,,81 min
413,tt2973404,USA,$300,,,,64 min
414,tt2973480,USA,,,,,
415,tt2973536,Thailand,,,,"$348,198",
416,tt2974712,Russia,"EUR1,500,000",,,,
417,tt2976182,India,,,,"$24,669",146 min
418,tt2979570,India,,,,,
419,tt2980708,USA,"$5,000,000",,,,82 min
420,tt2980864,USA,,,,,104 min
421,tt2981350,Sweden,"SEK90,000",,,,
422,tt2981878,Hong Kong,,,,"$1,597,734",97 min
423,tt2982068,Malaysia,,,,,84 min
424,tt2983340,Mexico,"MXN800,000",,,,
425,tt2984446,Ecuador,,,,,63 min
426,tt2986626,China,,,,,120 min
427,tt2988148,China,,,,,89 min
428,tt2988272,India,,,,"$237,249",141 min
429,tt2991524,USA,"$3,000,000",,,,
430,tt2992538,USA,,"$12,624,","$19,480","$237,476",86 min
431,tt2993220,Canada,,,,,82 min
432,tt2994212,Israel,,,,,82 min
433,tt2999580,USA,"$25,000",,,,
434,tt3000458,USA,,,,,89 min
435,tt3001460,Mexico,,,,,97 min
436,tt3003840,France,,,,,
437,tt3005822,Russia,,,,,130 min
438,tt3008816,Japan,,,,,82 min
439,tt3012550,USA,,,,,80 min
440,tt3013930,Canada,,,,,
441,tt3014460,Japan,,,,,85 min
442,tt3025278,USA,"$450,000",,,,95 min
443,tt3026224,Brazil,,,,"$5,979",81 min
444,tt3028018,Japan,,,"$21,796","$5,994,921",88 min
445,tt3029902,Spain,,,,,81 min
446,tt3031022,Philippines,,,,,111 min
447,tt3032060,USA,,,,,92 min
448,tt3033160,USA,,,,,79 min
449,tt3034442,Germany,,,,,90 min
450,tt3038424,USA,,,,,
451,tt3038430,USA,$500,,,,45 min
452,tt3040512,Croatia,"EUR35,000",,,,
453,tt3042398,Japan,,,,,96 min
454,tt3046014,India,,,,,160 min
455,tt3046026,France,,,,,80 min
456,tt3052982,USA,,,,,122 min
457,tt3056306,USA,,,,,27 min
458,tt3058736,USA,,,,,60 min
459,tt3059144,Italy,"EUR180,000",,,,58 min
460,tt3060812,Mexico,"MXN6,000,000",,,,90 min
461,tt3062104,Japan,,,,,
462,tt3063462,Canada,,,,,89 min
463,tt3064280,Taiwan,,,,,139 min
464,tt3066274,France,,,,,55 min
465,tt3070936,USA,,,,,130 min
466,tt3072732,Germany,,,,"$12,699,718",110 min
467,tt3072876,USA,"$80,000",,,,75 min
468,tt3074610,Venezuela,,,,"$2,654,379",93 min
469,tt3078718,Italy,"EUR1,400,000",,,"$835,486",106 min
470,tt3078988,USA,"$100,000",,,,101 min
471,tt3080550,Finland,,,,,38 min
472,tt3088362,Belgium,,,,"$200,627",88 min
473,tt3089126,USA,,,,,75 min
474,tt3089732,Japan,,,,,63 min
475,tt3090110,USA,,,,,80 min
476,tt3091124,Taiwan,,,,,6 min
477,tt3093108,USA,,,,,71 min
478,tt3093976,USA,,,,,123 min
479,tt3096842,USA,,,,,66 min
480,tt3097138,USA,"$40,000",,,,74 min
481,tt3099392,India,,,,,
482,tt3101400,Sweden,,,,,
483,tt3102124,USA,"$200,000",,,,
484,tt3102290,USA,,,,,
485,tt3102798,USA,,,,,73 min
486,tt3104304,Canada,,,,,95 min
487,tt3105510,India,,,,,
488,tt3106096,Philippines,,,,"$106,256",105 min
489,tt3107254,USA,$500,,,,
490,tt3107658,South Africa,"ZAR300,000",,,,95 min
491,tt3108604,USA,,,,,78 min
492,tt3109314,USA,"$200,000",,,,90 min
493,tt3111336,USA,,,,,105 min
494,tt3112556,USA,"$50,000",,,,50 min
495,tt3116584,Mexico,"MXN500,000",,,,
496,tt3116888,India,,,,,
497,tt3117080,UK,,,,,
498,tt3117184,Sweden,,,,"$2,587,899",114 min
499,tt3119024,Slovakia,,,,,87 min
500,tt3120434,USA,,,,,90 min
501,tt3120604,Japan,,,,,60 min
502,tt3122666,India,,,,,120 min
503,tt3125260,USA,,,,,29 min
504,tt3125620,UK,"GBP3,000",,,,73 min
505,tt3127350,USA,,,,,95 min
506,tt3127680,USA,,,,,65 min
507,tt3128706,Iceland,"$60,000",,,"$21,953",89 min
508,tt3129892,UK,,,,,
509,tt3130394,USA,"$500,000",,,,88 min
510,tt3130936,USA,$100,,,,
511,tt3131194,UK,,,,,
512,tt3132914,Spain,,,,,92 min
513,tt3134060,Japan,,,,,78 min
514,tt3134214,India,,,,,
515,tt3134770,Portugal,"$35,000",,,,61 min
516,tt3135282,Canada,,,,,100 min
517,tt3135540,USA,,,,,93 min
518,tt3138440,Taiwan,,,,,76 min
519,tt3138926,UK,,,,,60 min
520,tt3142544,Germany,"EUR3,000",,,,
521,tt3146230,Spain,,,,,64 min
522,tt3149374,USA,,,,,106 min
523,tt3149378,Argentina,,,,,60 min
524,tt3150738,Portugal,"EUR30,000",,,,57 min
525,tt3154132,China,,,,,14 min
526,tt3154310,USA,,,,,107 min
527,tt3154342,USA,,,,,97 min
528,tt3157494,Swaziland,,,,,52 min
529,tt3157610,USA,,,,,
530,tt3158882,USA,,,,,84 min
531,tt3161382,USA,,,,,
532,tt3161386,USA,"$3,100,000",,,,100 min
533,tt3165282,USA,,,,,
534,tt3170760,Switzerland,,,,,105 min
535,tt3171246,UK,,,,"$2,695,490",87 min
536,tt3173594,USA,"$2,000,000","$6,716,","$11,239","$11,239",95 min
537,tt3173910,India,,"$336,985,","$646,035","$6,914,987",141 min
538,tt3176776,USA,,,,,95 min
539,tt3177116,Dominican Republic,"DOP12,000,000",,,,100 min
540,tt3180548,Ireland,,,,"$9,613",83 min
541,tt3181638,USA,"$180,000",,,,125 min
542,tt3182590,France,,,"$135,392","$135,392",101 min
543,tt3182620,Canada,"$20,000,000","$219,357,","$557,241","$904,399",103 min
544,tt3183482,USA,"$150,000",,,,95 min
545,tt3184006,Mexico,,,,,86 min
546,tt3186552,USA,"$1,000,000",,,,86 min
547,tt3194622,USA,"$15,000",,,,80 min
548,tt3194678,USA,,,,,92 min
549,tt3195056,Switzerland,,,,,90 min
550,tt3195644,Canada,"$10,000,000","$22,692,741,","$52,218,558","$112,983,889",97 min
551,tt3198244,Philippines,,,,"$1,284,220",105 min
552,tt3202042,Turkey,"$800,000",,,,84 min
553,tt3204330,UK,,,,,
554,tt3204366,Armenia,"$600,000",,,,101 min
555,tt3206130,USA,,,,,76 min
556,tt3207250,USA,"$49,000",,,,83 min
557,tt3212510,USA,,,,,74 min
558,tt3218386,UK,,,,,59 min
559,tt3221338,USA,"$20,000",,,,
560,tt3224408,USA,,,,,135 min
561,tt3224440,Russia,,,,,55 min
562,tt3225732,USA,,,,,57 min
563,tt3226472,USA,,,,,
564,tt3226542,Thailand,,,,"$5,602",
565,tt3226918,USA,"$100,000",,,,
566,tt3231686,USA,,,,,77 min
567,tt3235598,USA,,,,,80 min
568,tt3238462,Japan,,,,"$25,231",100 min
569,tt3239240,Cuba,"$70,000",,,,
570,tt3239620,Indonesia,,,,,116 min
571,tt3240050,Japan,,,,,
572,tt3241062,USA,"$250,000",,,,
573,tt3242756,UK,"GBP50,000",,,,82 min
574,tt3244042,UK,"$1,500,000",,,,89 min
575,tt3244474,USA,"$2,500",,,,
576,tt3246410,USA,,,,,95 min
577,tt3246712,USA,,,,,57 min
578,tt3248944,USA,,,,,78 min
579,tt3249118,USA,,,,,51 min
580,tt3251516,Greece,,,,,90 min
581,tt3252120,Indonesia,,,,,107 min
582,tt3253624,USA,,,,,90 min
583,tt3256252,USA,,,,,78 min
584,tt3257770,Venezuela,"$5,000",,,,
585,tt3265470,Germany,,,,,
586,tt3265574,Malaysia,,,,,76 min
587,tt3268048,USA,,,,,91 min
588,tt3277622,India,,,,,135 min
589,tt3279708,Australia,,,,,84 min
590,tt3280660,USA,"$100,000",,,,58 min
591,tt3281548,USA,"$40,000,000","$16,755,310,","$108,101,214","$216,601,214",135 min
592,tt3281592,USA,,,,,96 min
593,tt3281816,USA,"$25,000",,,,90 min
594,tt3282308,Canada,,,,,89 min
595,tt3289956,UK,,,"$10,474","$6,170,043",86 min
596,tt3291148,UK,,,,,84 min
597,tt3292124,Russia,,,,,47 min
598,tt3292554,China,,,,,
599,tt3294658,USA,,,,,
600,tt3299996,USA,"$200,000",,,,88 min
601,tt3300880,India,,,,,
602,tt3301148,Bosnia and Herzegovina,,,,,
603,tt3301160,United Arab Emirates,,,,,
604,tt3301182,UK,"GBP40,000",,,,137 min
605,tt3302080,USA,,,,,106 min
606,tt3305308,UK,,"$1,620,","$5,711","$517,197",99 min
607,tt3306776,Japan,,,,,90 min
608,tt3307320,Philippines,,,,,105 min
609,tt3308876,Mexico,,,,,75 min
610,tt3311014,China,,,,,88 min
611,tt3311260,Spain,,,,,83 min
612,tt3311354,UK,,,,,110 min
613,tt3312070,USA,,,,,69 min
614,tt3659424,Kyrgyzstan,,,,,90 min
615,tt3661558,USA,,,,,57 min
616,tt3663844,USA,"$10,000",,,,57 min
617,tt3665514,UK,,,,,84 min
618,tt3665760,USA,,,,,94 min
619,tt3666258,India,,,,,90 min
620,tt3666854,Afghanistan,,,,,52 min
621,tt3669076,South Korea,"$200,000",,,,91 min
622,tt3671252,USA,,,,,69 min
623,tt3671922,China,,,,,88 min
624,tt3673980,France,"EUR310,000",,,,82 min
625,tt3678370,Bulgaria,"BGL50,000",,,,
626,tt3679892,Canada,"CAD500,000",,,,
627,tt3680382,UK,,,,,52 min
628,tt3681078,Ireland,,,,,95 min
629,tt3681440,India,,,,,125 min
630,tt3681454,India,,,,,131 min
631,tt3684862,USA,,,,,
632,tt3685022,USA,,,,,87 min
633,tt3685836,USA,,,,,138 min
634,tt3686012,Switzerland,,,,,
635,tt3688948,Sweden,,,,,83 min
636,tt3690366,USA,,,,,64 min
637,tt3691272,USA,,,,,89 min
638,tt3691764,Mexico,,,,,90 min
639,tt3692142,Netherlands,,,,,
640,tt3692634,UK,,,,,
641,tt3696126,South Korea,,,,,122 min
642,tt3696434,USA,,,,,6 min
643,tt3696596,USA,,,,,72 min
644,tt3697222,Mexico,"$250,000",,,,
645,tt3698240,UK,,,,,
646,tt3699234,Italy,,,,,80 min
647,tt3700456,Australia,"EUR12,796,917",,,"$4,675,877",93 min
648,tt3700804,USA,,"$14,966,","$21,206","$21,206",78 min
649,tt3701074,Switzerland,,,,,94 min
650,tt3705130,Afghanistan,,,,,
651,tt3705588,Czech Republic,"EUR466,000",,,,100 min
652,tt3705822,USA,,,,,85 min
653,tt3706576,Austria,,,,,70 min
654,tt3707488,Finland,,,,,52 min
655,tt3710112,Italy,"EUR1,000",,,,
656,tt3711600,Denmark,,,,,82 min
657,tt3714368,Italy,"EUR20,000",,,,50 min
658,tt3715210,Italy,"EUR220,000",,,,50 min
659,tt3719326,Greece,,,,,70 min
660,tt3719530,France,,,,,93 min
661,tt3720468,USA,,,,,107 min
662,tt3726756,USA,"$15,000",,,,108 min
663,tt3731580,USA,,,,,92 min
664,tt3732024,UK,"$4,000,000",,,,88 min
665,tt3734096,USA,"$200,000",,,,
666,tt3740374,Greece,,,,,
667,tt3741184,USA,,,,,79 min
668,tt3741824,Argentina,,,,"$3,318,081",90 min
669,tt3742172,USA,"$100,000",,,,
670,tt3742926,Germany,,,,"$17,029",100 min
671,tt3743098,Germany,,,,,69 min
672,tt3743212,USA,,,,,94 min
673,tt3746684,Slovenia,,,,,82 min
674,tt3749926,USA,,,,,95 min
675,tt3754166,Italy,"EUR10,000",,,,52 min
676,tt3755914,Argentina,,,,,102 min
677,tt3758104,India,"INR50,000,000",,,,
678,tt3758686,USA,"$10,000",,,,54 min
679,tt3763580,USA,,,,,73 min
680,tt3767208,UK,,,,,84 min
681,tt3768602,Canada,,,,,46 min
682,tt3771876,USA,,,,,84 min
683,tt3773064,Argentina,,,,,80 min
684,tt3773094,Algeria,,,,,63 min
685,tt3773210,USA,"$1,000,000",,,,105 min
686,tt3773362,Costa Rica,,,,,81 min
687,tt3776572,Argentina,,,,,93 min
688,tt3776858,USA,,,,,
689,tt3778698,USA,"$200,000",,,,240 min
690,tt3779300,USA,,,,"$73,701",91 min
691,tt3779570,USA,$10,,,,114 min
692,tt3780150,UK,,,,,
693,tt3780312,Netherlands,,,,,72 min
694,tt3782712,Germany,,,,,87 min
695,tt3782760,USA,,,,,63 min
696,tt3783990,USA,"$48,000",,,,48 min
697,tt3784042,USA,,,,,90 min
698,tt3785740,Mexico,,,,,75 min
699,tt3789538,India,,,,,
700,tt3791560,Brazil,,,,"$6,146",84 min
701,tt3791820,Australia,,,,,130 min
702,tt3791960,Germany,,,,,83 min
703,tt3793668,Ecuador,,,,,75 min
704,tt3793694,USA,"$340,000",,,,100 min
705,tt3796388,USA,,,,,113 min
706,tt3796936,UK,,,,,102 min
707,tt3796976,Macao,,,,"$3,434",45 min
708,tt3798694,France,,,,,
709,tt3799534,USA,,,,,23 min
710,tt3799888,UK,"GBP1,000",,,,
711,tt3804476,Spain,,,,,86 min
712,tt3806628,Japan,,,,,
713,tt3810486,Italy,,,,,80 min
714,tt3811456,Japan,,,,,
715,tt3815134,Portugal,,,,,60 min
716,tt3815704,Kazakhstan,,,,,103 min
717,tt3822396,India,,,,"$197,197",133 min
718,tt3822632,India,,,,,71 min
719,tt3824458,USA,"$100,000","$60,683,","$702,354","$828,874",88 min
720,tt3824592,Australia,,,,,85 min
721,tt3824754,USA,,,,,
722,tt3826596,USA,,,,,97 min
723,tt3827462,USA,"$650,000",,,,
724,tt3827684,USA,,"$2,848,","$3,755","$3,755",128 min
725,tt3829018,Turkey,,,,,60 min
726,tt3830736,Canada,,,,,99 min
727,tt3831032,Switzerland,,,,,78 min
728,tt3832160,Canada,,,,"$152,653",97 min
729,tt3832870,France,,,,,45 min
730,tt3833738,Japan,,,,,96 min
731,tt3833858,USA,,,,,103 min
732,tt3833866,Australia,"AUD10,000",,,,80 min
733,tt3837198,Philippines,,,,,100 min
734,tt3837820,South Korea,,,,"$11,670,114",117 min
735,tt3838992,USA,"$5,000,000",,,"$36,585",88 min
736,tt3839144,Iran,,,,,58 min
737,tt3839466,Germany,,,,,45 min
738,tt3839872,USA,,,,,87 min
739,tt3841490,Japan,,,,"$984,757",120 min
740,tt3842624,Japan,,,,,114 min
741,tt3843156,USA,,,,,46 min
742,tt3843748,USA,,,,,85 min
743,tt3843758,Canada,,,,,58 min
744,tt3844886,Australia,"$50,000",,,,
745,tt3847206,UK,,,,,14 min
746,tt3851982,Japan,,,,,
747,tt3853830,USA,"$1,250,000",,"$62,398","$62,398",94 min
748,tt3856100,Canada,"CAD250,000",,,,78 min
749,tt3856124,Italy,"$15,000,000",,,"$3,911,568",98 min
750,tt3864104,USA,,,,,75 min
751,tt3865614,USA,,,,,99 min
752,tt3867570,USA,"THB50,000,000",,,"$89,038",105 min
753,tt3868248,USA,,,,,80 min
754,tt3871804,Austria,,,,,72 min
755,tt3872754,UK,,,,,85 min
756,tt3873338,USA,,,,,45 min
757,tt3874076,Canada,"CAD200,000",,,,93 min
758,tt3876752,USA,,,,,69 min
759,tt3876860,Hungary,"HUF350,000,000",,,"$5,208",91 min
760,tt3881732,USA,"$100,000",,,,
761,tt3886670,UK,,,,,102 min
762,tt3889626,Norway,,,,,102 min
763,tt3891660,Canada,,,,,
764,tt3892200,Canada,"CAD7,000",,,,
765,tt3892590,Egypt,"$150,000",,,,
766,tt3892924,USA,,,,,92 min
767,tt3894660,USA,,,,,81 min
768,tt3895248,USA,"$5,000",,,,
769,tt3898244,USA,"$20,000",,,,80 min
770,tt3898530,Italy,,,,,
771,tt3899154,USA,,,,,80 min
772,tt3899262,USA,"$1,000,000",,,,90 min
773,tt3899872,Venezuela,"$626,500",,,,104 min
774,tt3899930,USA,,,,,88 min
775,tt3900258,Germany,,,,,66 min
776,tt3901962,Chile,"$150,000",,,,85 min
777,tt3903130,Australia,"$20,000",,,,85 min
778,tt3910582,Saudi Arabia,"$125,000",,,,55 min
779,tt3912068,Italy,"EUR150,000",,,,94 min
780,tt3912080,Bulgaria,,,,,8 min
781,tt3912856,Japan,,,,,
782,tt3914446,China,,,,,89 min
783,tt3914454,Singapore,,,,"$82,510",86 min
784,tt3914556,India,,,,,11 min
785,tt3917044,Bulgaria,,,,"$160,101",130 min
786,tt3922754,USA,,,,,87 min
787,tt3923082,Japan,,,,"$3,885,772",149 min
788,tt3923662,UK,"GBP5,000,000",,,"$30,194",93 min
789,tt3924046,USA,"$28,000",,,,82 min
790,tt3948438,Brazil,"$1,800,000",,,"$15,918,808",108 min
791,tt3949660,USA,"$135,000,000","$35,316,382,","$82,051,601","$245,623,848",112 min
792,tt3949942,USA,,,,,60 min
793,tt3952602,USA,"$350,000",,,,
794,tt3953420,USA,,,,,86 min
795,tt3956924,USA,,,,,58 min
796,tt3957102,Italy,EUR50,,,,
797,tt3957992,USA,,,,,64 min
798,tt3958286,Uruguay,,,,"$33,732",100 min
799,tt3959662,Russia,,,,,100 min
800,tt3959722,USA,"$100,000",,,,90 min
801,tt3961090,UK,GBP900,,,,48 min
802,tt3961188,Myanmar,,,,,26 min
803,tt3963348,UK,"GBP60,000",,,,
804,tt3965728,Austria,,,,,
805,tt3969526,USA,"$35,000,000",,,,
806,tt3970192,USA,$500,,,,
807,tt3973590,Iraq,,,,,110 min
808,tt3974390,Ireland,,,,,91 min
809,tt3977920,USA,"$50,000",,,,90 min
810,tt3982270,USA,,,,,53 min
811,tt3983974,France,,,,,93 min
812,tt3984320,Germany,,,,,87 min
813,tt3989628,USA,,,,,24 min
814,tt3995416,Turkey,,,,"$21,254",99 min
815,tt3996218,USA,,,,,60 min
816,tt4002136,USA,,,,,90 min
817,tt4002892,Bulgaria,,,,,114 min
818,tt4003070,Egypt,,,,"$188,228",162 min
819,tt4008544,Iran,,,,,86 min
820,tt4010848,Canada,,,,,106 min
821,tt4427636,USA,,,,,60 min
822,tt4428774,France,,,,,104 min
823,tt4430136,India,,"$107,536,","$222,856","$12,983,721",137 min
824,tt4431182,Finland,,,,,59 min
825,tt4435082,USA,,,,,99 min
826,tt4439194,,,,,,
827,tt4439760,USA,,,,,82 min
828,tt4440690,India,,,,,82 min
829,tt4444018,UK,,,,,74 min
830,tt4446156,Italy,,,,,101 min
831,tt4446746,USA,,,,,
832,tt4447256,USA,"$100,000",,,,
833,tt4448092,Switzerland,"CHF93,921",,,,83 min
834,tt4448248,USA,,,,,31 min
835,tt4450868,Canada,,,,,60 min
836,tt4452398,Argentina,,,,,78 min
837,tt4456270,UK,,"$1,874,","$10,042","$10,042",101 min
838,tt4457744,UK,"GBP6,000",,,,50 min
839,tt4458946,USA,,,,"$949,386",95 min
840,tt4459806,USA,,,,,79 min
841,tt4465488,USA,,,,,
842,tt4472274,Germany,,,,,82 min
843,tt4476798,Spain,,,,,
844,tt4479166,Italy,,,,,59 min
845,tt4481484,USA,,,,,85 min
846,tt4483984,Germany,,,,,93 min
847,tt4484784,USA,,,,,82 min
848,tt4490824,USA,,,,,108 min
849,tt4492998,Belgium,,,,,84 min
850,tt4493074,USA,,,,,89 min
851,tt4494706,France,,,,"$1,251,878",98 min
852,tt4494798,USA,"$500,000",,,,90 min
853,tt4497338,USA,,,,"$28,184",93 min
854,tt4501638,Japan,,,,,122 min
855,tt4504908,USA,$500,,,,102 min
856,tt4505118,France,,,,"$5,033",90 min
857,tt4505450,Ukraine,,,,,90 min
858,tt4510204,Spain,,,,,60 min
859,tt4510218,USA,,,,,86 min
860,tt4510670,Belgium,,,,,
861,tt4511498,Canada,,,,,
862,tt4512382,France,"EUR250,000",,,,48 min
863,tt4513538,USA,,,,,90 min
864,tt4513776,USA,,,,,69 min
865,tt4513996,Croatia,,,,,85 min
866,tt4514808,Germany,,,,,45 min
867,tt4515190,UK,"GBP15,000",,,,98 min
868,tt4517268,USA,"$5,000",,,,54 min
869,tt4517856,USA,"$50,000",,,,
870,tt4522144,India,,,,,145 min
871,tt4522704,USA,"$16,000",,,,75 min
872,tt4523112,Turkey,,,,"$5,085,947",126 min
873,tt4523698,UK,,,,,90 min
874,tt4524202,Philippines,,,,,132 min
875,tt4525152,USA,,,,,49 min
876,tt4525914,Mexico,"MXN500,000",,,,
877,tt4525970,USA,,,,,74 min
878,tt4526498,Portugal,,,,,89 min
879,tt4527644,South Korea,,,,,88 min
880,tt4533158,Croatia,,,,,62 min
881,tt4549380,Canada,,,,,101 min
882,tt4549982,Sweden,,,,,97 min
883,tt4554794,USA,"$2,500,000",,,,
884,tt4556700,Thailand,,,,"$305,757",111 min
885,tt4556796,Australia,,,,,88 min
886,tt4559796,Chile,,,,,68 min
887,tt4562162,Italy,,,,,52 min
888,tt4563462,Kenya,,,,,73 min
889,tt4565432,UK,"GBP60,000",,,,55 min
890,tt4565658,USA,,,,,64 min
891,tt4567170,USA,,,,,"1,151 min"
892,tt4572338,USA,,,,,
893,tt4573560,Netherlands,"EUR20,000",,,,55 min
894,tt4574478,Argentina,,,,,70 min
895,tt4576372,Thailand,"$50,000",,,,116 min
896,tt4576964,Argentina,,,,,76 min
897,tt4584560,France,"EUR35,000",,,,
898,tt4585000,USA,,,,,95 min
899,tt4587318,Spain,,,,,
900,tt4593482,USA,"$10,000",,,,66 min
901,tt4596820,Burkina Faso,,,,,92 min
902,tt4596868,USA,"$1,000",,,,55 min
903,tt4597384,India,"INR250,000",,,,
904,tt4602422,China,,,,,92 min
905,tt4603176,Australia,"AUD55,000",,,,98 min
906,tt4604496,USA,,"$2,087,","$18,006","$18,006",98 min
907,tt4607980,USA,"$8,500",,,,
908,tt4611352,USA,,,,,72 min
909,tt4611402,USA,,,,,77 min
910,tt4613162,UK,,,,,11 min
911,tt4613706,China,,,,,104 min
912,tt4614362,India,,,,,121 min
913,tt4615306,USA,,,,,32 min
914,tt4622770,USA,,,,,65 min
915,tt4623222,United Arab Emirates,"$300,000",,,"$94,334",90 min
916,tt4625324,Poland,,,,"$135,405",97 min
917,tt4626284,Italy,,,,,37 min
918,tt4627024,Germany,"EUR60,000",,,,97 min
919,tt4627224,USA,,,,,84 min
920,tt4629192,Guinea-Bissau,,,,,115 min
921,tt4629666,Canada,,,,,59 min
922,tt4630750,Argentina,,,,,70 min
923,tt4633146,Portugal,,,,,46 min
924,tt4633950,Israel,,,,,59 min
925,tt4638052,Sweden,"SEK150,000",,,,45 min
926,tt4642590,UK,"GBP38,000",,,,
927,tt4643520,India,"INR20,000,000",,,,72 min
928,tt4645532,USA,"$12,000",,,,101 min
929,tt4650624,USA,"$200,000",,,,120 min
930,tt4651578,Turkey,,,,"$3,979",91 min
931,tt4652096,India,,,,,131 min
932,tt4653412,Canada,,,,,83 min
933,tt4654818,Russia,EUR10,,,,60 min
934,tt4659710,Ireland,,,,"$5,909",
935,tt4659914,Colombia,,,,"$16,556",87 min
936,tt4662960,UK,,,,,
937,tt4665930,Spain,"$400,000",,,,93 min
938,tt4666014,USA,,,,,26 min
939,tt4669408,USA,,,,,45 min
940,tt4669580,Netherlands,,,,,60 min
941,tt4670590,India,"INR40,000,000",,,,116 min
942,tt4674594,UK,"GBP12,000",,,,90 min
943,tt4675352,Canada,,,,,64 min
944,tt4676502,New Zealand,,,,,
945,tt4678654,USA,,,,,80 min
946,tt4680618,USA,,,,,
947,tt4685332,Turkey,,,,,
948,tt4686814,Japan,,,,,93 min
949,tt4687552,Spain,,,,,60 min
950,tt4688142,USA,,,,,60 min
951,tt4688518,USA,,,,,
952,tt4692234,Portugal,,,"$6,398","$15,245",131 min
953,tt4693638,USA,"$1,000",,,,
954,tt4694072,USA,"$50,000",,,,75 min
955,tt4695012,USA,"$5,000,000","$5,988,370,","$13,985,117","$19,735,344",91 min
956,tt4695976,USA,"$1,000,000",,,,74 min
957,tt4696314,Thailand,,,,,81 min
958,tt4697376,India,"INR6,000,000",,,,90 min
959,tt4698876,UK,,,,,80 min
960,tt4698940,USA,,,,,89 min
961,tt4699218,India,,,,,
962,tt4699462,Ireland,,,,,
963,tt4702118,Hong Kong,,,,"$983,794",108 min
964,tt4702520,Spain,EUR100,,,,68 min
965,tt4706888,USA,,,,,85 min
966,tt4708340,Ecuador,,,,,81 min
967,tt4709094,Netherlands,EUR0,,,,
968,tt4712108,South Africa,,,,,25 min
969,tt4712436,Iran,,,,,58 min
970,tt4712630,USA,"$8,000",,,,55 min
971,tt4715062,Germany,,,,,86 min
972,tt4716832,Japan,,,,,
973,tt4719158,Germany,,,,,94 min
974,tt4719702,Brazil,,,,,75 min
975,tt4721410,Switzerland,,,,,83 min
976,tt4723478,Canada,,,,,
977,tt4724210,Switzerland,,,,,83 min
978,tt4725842,France,,,,,77 min
979,tt4729856,Poland,,,,,47 min
980,tt4730050,Germany,,,,,175 min
981,tt4731580,Japan,,,,"$7,118,376",65 min
982,tt4738046,Canada,,,,,
983,tt4738172,Canada,,,,,97 min
984,tt4741686,France,,,,"$5,777,198",94 min
985,tt4744396,UK,,,,,
986,tt4747354,Japan,,,,,85 min
987,tt4753906,USA,"$750,000",,,,
988,tt4755804,USA,,,,,
989,tt4761288,India,,,,,70 min
990,tt4761444,Mexico,,,,,74 min
991,tt4765152,USA,$500,,,,72 min
992,tt4765454,Monaco,,,,,
993,tt4766448,USA,"$12,000",,,,
994,tt4768284,USA,"$10,000",,,,
995,tt4768976,Spain,"EUR30,000",,,,
996,tt4773290,USA,"$150,000",,,,92 min
997,tt4773906,USA,"$5,000",,,,112 min
998,tt4773948,Czech Republic,,,,,70 min
999,tt4777394,Malaysia,,,,,
1000,tt4778634,Croatia,"EUR40,000",,,,72 min
1001,tt4779026,USA,,,,,80 min
1002,tt4780542,India,,,,,136 min
1003,tt4781472,USA,"$10,000",,,,
1004,tt4786006,USA,,,,,60 min
1005,tt4787136,France,,,,,82 min
1006,tt4788580,Iran,,,,,37 min
1007,tt4789170,USA,$600,,,,55 min
1008,tt4789822,USA,"$350,000",,,,103 min
1009,tt4793080,USA,"$10,000",,,,
1010,tt4793112,Poland,,,,,89 min
1011,tt4793594,Australia,"AUD75,000",,,,83 min
1012,tt4796286,UK,"$40,000",,,,
1013,tt4796352,New Zealand,,,,,82 min
1014,tt4799058,USA,,,,,86 min
1015,tt4800378,Cyprus,,,,,100 min
1016,tt4807730,India,,,,,
1017,tt4809376,Italy,,,,,67 min
1018,tt4810228,USA,"$95,000",,,,80 min
1019,tt4810802,UK,,,,,
1020,tt4814760,USA,,,,"$25,043",98 min
1021,tt4817248,Czech Republic,,,,,
1022,tt4817932,UK,"GBP150,000",,,,56 min
1023,tt4819134,Bhutan,,,,,92 min
1024,tt4819514,China,,"$50,036,","$286,639","$80,606,893",85 min
1025,tt4826734,United Arab Emirates,,,,,78 min
1026,tt4828334,USA,,,,,4 min
1027,tt4829552,Mexico,,,,,75 min
1028,tt4831404,USA,"$40,000",,,,85 min
1029,tt5242068,India,,,,,
1030,tt5242150,India,"INR10,000,000",,,,
1031,tt5243688,USA,"$100,000",,,,84 min
1032,tt5246398,USA,"$10,000",,,,
1033,tt5246792,Dominican Republic,,,,,85 min
1034,tt5248598,USA,,,,,57 min
1035,tt5254474,India,,,,,117 min
1036,tt5254638,USA,,,,,54 min
1037,tt5259734,Armenia,,,,,
1038,tt5268278,USA,"$12,500",,,,
1039,tt5268896,Spain,"EUR120,000",,,,
1040,tt5269034,South Korea,,,,,45 min
1041,tt5272696,USA,"$3,000",,,,
1042,tt5275872,USA,,,,,108 min
1043,tt5278238,Germany,,,,,77 min
1044,tt5283978,Finland,,,,,56 min
1045,tt5284200,Austria,,,,"$120,340",93 min
1046,tt5284298,France,,,,,52 min
1047,tt5286432,Germany,"EUR2,000,000",,,,91 min
1048,tt5288658,Bangladesh,,,,,130 min
1049,tt5289064,Portugal,,,,,52 min
1050,tt5290414,India,"INR100,000,000",,,,145 min
1051,tt5290524,Italy,"EUR10,000,000",,,"$75,878,701",86 min
1052,tt5293608,Japan,,,,,
1053,tt5300680,Italy,,,,,79 min
1054,tt5301090,Japan,,,,,70 min
1055,tt5306286,Japan,,,,,
1056,tt5308702,Canada,"CAD8,000",,,,
1057,tt5311390,India,,,,,
1058,tt5312022,India,"INR10,000,000",,,,
1059,tt5313606,Bulgaria,,,,,70 min
1060,tt5313962,Netherlands,,,,,105 min
1061,tt5314520,India,,,,,126 min
1062,tt5314994,USA,"$5,000",,,,
1063,tt5320904,UK,,,,,60 min
1064,tt5326620,USA,,,,,38 min
1065,tt5326708,USA,"$5,000",,,,
1066,tt5328352,China,,,,"$3,805,627",105 min
1067,tt5330938,USA,"$80,000",,,,57 min
1068,tt5332128,USA,,,,,90 min
1069,tt5332310,India,,,,,135 min
1070,tt5333528,USA,,,,,90 min
1071,tt5334326,Greece,,,,,177 min
1072,tt5335662,China,,,,,95 min
1073,tt5337722,India,,,,,121 min
1074,tt5338600,USA,"$100,000",,,,86 min
1075,tt5338852,UK,"GBP1,000",,,,
1076,tt5340872,Bulgaria,,,,,54 min
1077,tt5341032,Germany,,,,,79 min
1078,tt5343286,Netherlands,,,,,59 min
1079,tt5343926,UK,,,,,62 min
1080,tt5344794,USA,"$5,000,000",,,"$21,701",86 min
1081,tt5345780,USA,,,,,
1082,tt5350734,Japan,,,,,
1083,tt5351126,USA,"$75,000",,,,94 min
1084,tt5351454,Brazil,"BRL300,000",,,,70 min
1085,tt5351494,Spain,EUR0,,,,69 min
1086,tt5354160,Bangladesh,"BDT35,000,000",,,,147 min
1087,tt5354510,UK,,,,,47 min
1088,tt5354872,Canada,,,,,85 min
1089,tt5355896,Iran,,,,,90 min
1090,tt5357696,Iran,,,,,56 min
1091,tt5361436,India,,,,,103 min
1092,tt5361488,USA,,,,,103 min
1093,tt5362744,Bangladesh,,,,,
1094,tt5371404,USA,,,,,
1095,tt5372708,France,,,,,93 min
1096,tt5373132,Australia,"AUD1,800,000",,,,
1097,tt5374830,South Korea,"$2,500,000",,,,
1098,tt5376124,Italy,"EUR7,000",,,,58 min
1099,tt5376366,USA,"$50,000",,,,
1100,tt5377682,Algeria,,,,,52 min
1101,tt5419282,,,,,,
1102,tt5424590,Canada,,,,,64 min
1103,tt5426450,UK,"GBP3,000",,,,74 min
1104,tt5427054,USA,,,,,81 min
1105,tt5432650,Slovakia,"EUR180,000",,,"$190,000",90 min
1106,tt5433762,USA,"$805,000",,,,100 min
1107,tt5440598,UK,"GBP40,000",,,,121 min
1108,tt5440868,USA,,,,,
1109,tt5441674,Mexico,,,,,80 min
1110,tt5443116,Taiwan,,,,,51 min
1111,tt5447958,Germany,,,,,72 min
1112,tt5448008,Romania,,,,,60 min
1113,tt5455498,Slovenia,,,,"$43,259",90 min
1114,tt5455714,Romania,,,,,115 min
1115,tt5456136,Hong Kong,,,,,129 min
1116,tt5457904,USA,,,,,
1117,tt5460118,USA,,,,,90 min
1118,tt5463096,Japan,,,,,
1119,tt5464144,Russia,,,,,112 min
1120,tt5465538,India,,,,,
1121,tt5465742,Nigeria,"NGN8,000,000",,,,100 min
1122,tt5465828,Sweden,,,,,79 min
1123,tt5467152,Australia,,,,,
1124,tt5467326,Belgium,,,,,74 min
1125,tt5470254,South Korea,,,,,96 min
1126,tt5474090,China,,,,,60 min
1127,tt5475580,Egypt,"EGP3,000,000",,,,
1128,tt5477228,China,,,,,75 min
1129,tt5478242,Canada,,,,,92 min
1130,tt5478254,India,,,,,125 min
1131,tt5479202,Croatia,,,,,51 min
1132,tt5479606,India,,,,,133 min
1133,tt5482272,USA,"$10,000",,,,
1134,tt5482562,Spain,,,,,45 min
1135,tt5487734,USA,"$100,000",,,,
1136,tt5488854,Mexico,,,,"$1,414,463",91 min
1137,tt5492536,France,,,,,110 min
1138,tt5495666,Canada,,,,,80 min
1139,tt5497616,Kazakhstan,"$300,000",,,,
1140,tt5497824,Armenia,,,,,82 min
1141,tt5500746,USA,,,,,65 min
1142,tt5503472,USA,,,,,99 min
1143,tt5503824,Italy,,,,,
1144,tt5505316,Turkey,,,,,93 min
1145,tt5505986,USA,,,,,50 min
1146,tt5509844,USA,,,,,98 min
1147,tt5517996,UK,"$1,250,000",,,,90 min
1148,tt5518040,China,,,,,30 min
1149,tt5518056,USA,"$10,000",,,,85 min
1150,tt5520404,Austria,"EUR3,000,000",,,,102 min
1151,tt5520614,Germany,"EUR2,000",,,,120 min
1152,tt5522224,Turkey,,,,"$37,330",
1153,tt5525504,Hong Kong,,,,"$109,716",100 min
1154,tt5533308,UK,,,,,84 min
1155,tt5537330,Canada,,,,,98 min
1156,tt5537372,India,,,,,124 min
1157,tt5537600,USA,,,,,86 min
1158,tt5538704,Germany,,,,"$16,943,483",100 min
1159,tt5539052,USA,,,,,95 min
1160,tt5541542,China,,,,"$2,002,591",128 min
1161,tt5542006,USA,,,,,8 min
1162,tt5542264,UK,GBP500,,,,54 min
1163,tt5542820,USA,,,,,65 min
1164,tt5544792,Spain,,,,,
1165,tt5547798,Cuba,"$50,000",,,,
1166,tt5547880,Mongolia,"MNT700,000,000",,,,
1167,tt5548240,Netherlands,,,,,55 min
1168,tt5552922,Spain,,,,,
1169,tt5553210,USA,,"$1,200,",,,105 min
1170,tt5553218,USA,,,,,90 min
1171,tt5555422,Russia,"RUR20,000",,,,58 min
1172,tt5559414,USA,,,,,38 min
1173,tt5559544,USA,,,,,79 min
1174,tt5568676,Canada,,,,,46 min
1175,tt5570890,Argentina,,,,,92 min
1176,tt5571488,India,,,,,121 min
1177,tt5572232,USA,,,,"$6,198",89 min
1178,tt5573164,Philippines,,,,,95 min
1179,tt5576010,Iceland,,,,,74 min
1180,tt5576336,China,,"$42,239,","$92,377","$1,545,352",106 min
1181,tt5578286,France,,,,,52 min
1182,tt5579332,France,,,,,52 min
1183,tt5579684,Japan,,,,,123 min
1184,tt5580084,Turkey,,,,,70 min
1185,tt5581290,UK,,,,,
1186,tt5581736,Russia,,,,"$292,208",89 min
1187,tt5586322,Philippines,,,,,90 min
1188,tt5588416,USA,,,,,107 min
1189,tt5595734,Dominican Republic,,,,,
1190,tt5596278,USA,"$3,000",,,,93 min
1191,tt5597792,India,,,,,158 min
1192,tt5599532,Canada,,,,,52 min
1193,tt5599892,USA,,,,,17 min
1194,tt5601250,Portugal,,,,"$7,634",68 min
1195,tt5601552,Sweden,"SEK40,000",,,,
1196,tt5601862,Canada,"CAD120,000",,,,76 min
1197,tt5602194,France,,,,,102 min
1198,tt5605942,UK,,,,,
1199,tt5606986,Finland,"EUR1,700,000",,,"$2,228,701",75 min
1200,tt5607684,Romania,,,,,100 min
1201,tt5610316,USA,,,,,70 min
1202,tt5610638,USA,,,,,
1203,tt5610746,USA,,,,,92 min
1204,tt5610950,USA,,,,,76 min
1205,tt5612576,Italy,,,,"$181,606",92 min
1206,tt5614994,Japan,,,,,
1207,tt5615400,USA,,,,,51 min
1208,tt5615532,Austria,,,,,56 min
1209,tt5616670,South Africa,,,,,45 min
1210,tt5618304,USA,,,,,220 min
1211,tt5623354,Dominican Republic,,,,,54 min
1212,tt5624920,Spain,,,,,
1213,tt5629192,USA,"$10,000",,,,96 min
1214,tt5634336,USA,"$80,000",,,,
1215,tt5635638,USA,,,,,82 min
1216,tt5637098,Argentina,"$500,000",,,"$2,498",72 min
1217,tt5637542,Netherlands,,,,"$1,598,966",83 min
1218,tt5637870,USA,,,,,95 min
1219,tt5638058,Switzerland,"CHF440,000",,,,90 min
1220,tt5638474,India,,,,"$1,855,282",136 min
1221,tt5638642,UK,,,,"$1,785,977",94 min
1222,tt5638780,Germany,,,,,47 min
1223,tt5640008,Denmark,,,,,62 min
1224,tt5646616,USA,,,,,
1225,tt5647102,Latvia,,,,$532,
1226,tt5647234,Austria,"EUR200,000",,,,
1227,tt5649144,USA,"$2,000,000","$157,553,","$5,904,366","$10,971,298",111 min
1228,tt5654204,USA,,,,,
1229,tt5660886,Japan,,,,,90 min
1230,tt5664676,USA,,"$30,951,","$113,435","$113,435",84 min
1231,tt5665868,Turkey,,,,,
1232,tt5667482,USA,,,,"$64,112",74 min
1233,tt5667516,USA,,,,,87 min
1234,tt5667650,USA,,,,,96 min
1235,tt5668040,Ecuador,,,,,70 min
1236,tt5669056,Netherlands,,,,,115 min
1237,tt5670838,USA,,,,,87 min
1238,tt5671310,Turkey,,,,"$1,339,502",
1239,tt5671404,USA,"$10,500",,,,80 min
1240,tt5672134,Bulgaria,,,,,81 min
1241,tt5672870,South Africa,,,,"$206,112",
1242,tt5680112,China,,,,,107 min
1243,tt5680590,Russia,"$50,000",,,,62 min
1244,tt5681942,USA,,,,,84 min
1245,tt5684384,France,,,,,98 min
1246,tt5685710,Mexico,"$5,000",,,,
1247,tt5685930,USA,,,,,95 min
1248,tt5686504,Australia,,,,,87 min
1249,tt5688868,USA,"$415,000",,"$21,497","$73,383",106 min
1250,tt5689846,Argentina,"$100,000",,,$292,69 min
1251,tt5692622,Japan,,,,"$63,147,576",112 min
1252,tt5694538,UK,,,,,117 min
1253,tt5694916,China,,,,"$5,256,007",97 min
1254,tt5696030,Canada,,,,,56 min
1255,tt5702884,South Africa,,,,"$306,636",84 min
1256,tt5704704,USA,,,,,92 min
1257,tt5705058,Poland,,"$18,600,","$127,986","$1,944,392",100 min
1258,tt5709608,Japan,,,,,
1259,tt5710532,Canada,,,,,74 min
1260,tt5712054,Spain,,,,,
1261,tt5713232,India,,,,"$24,822",133 min
1262,tt5713500,USA,$200,,,,80 min
1263,tt5715630,France,,,,,
1264,tt5716484,USA,,,,,55 min
1265,tt5717002,India,,,,,144 min
1266,tt5717430,USA,,,,,
1267,tt5719700,USA,"$12,000,000","$8,567,881,","$27,020,284","$37,270,721",97 min
1268,tt5724542,Sweden,"SEK2,700,000",,,,87 min
1269,tt5726712,USA,,,,,89 min
1270,tt5729246,South Korea,,"$36,415,","$97,477","$14,777,982",120 min
1271,tt5729608,Poland,,,,"$69,305",90 min
1272,tt5730576,Puerto Rico,,,,,88 min
1273,tt5730832,USA,"$500,000",,,,54 min
1274,tt5737784,USA,"$10,000",,,,45 min
1275,tt5738830,Ireland,"EUR10,000",,,,96 min
1276,tt5739482,USA,,,,,65 min
1277,tt5742266,USA,,,,,94 min
1278,tt5742568,USA,,,,,85 min
1279,tt5745140,Greece,"EUR500,000",,,,
1280,tt5745672,USA,"$1,000",,,,
1281,tt5748796,USA,"$5,000",,,,57 min
1282,tt5749428,Portugal,,,,,71 min
1283,tt5749612,Netherlands,EUR500,,,,
1284,tt5754892,USA,"$20,000",,,,87 min
1285,tt5755622,USA,,,,,100 min
1286,tt5759434,China,,,,"$4,447,734",97 min
1287,tt5760814,India,"INR15,000,000",,,,115 min
1288,tt5761022,Japan,,,,,90 min
1289,tt5768360,Canada,"CAD100,000",,,,141 min
1290,tt5770468,USA,,,,,47 min
1291,tt5771010,Germany,,,,,86 min
1292,tt5771478,USA,,,,,
1293,tt5773402,Australia,,,,,120 min
1294,tt5774920,Turkey,,,,"$3,893",
1295,tt5775220,India,,,,"$56,272",117 min
1296,tt5775794,Norway,"NOK1,500,000",,,,80 min
1297,tt5776398,Spain,,,,,45 min
1298,tt5777160,Canada,"CAD100,000",,,,141 min
1299,tt5777910,Austria,,,,"$15,738",104 min
1300,tt5781146,USA,,,,,93 min
1301,tt5784350,India,,,,,142 min
1302,tt5784502,India,,,,,135 min
1303,tt5790474,Russia,,,,,93 min
1304,tt5790670,Mexico,,,,,45 min
1305,tt5791560,Germany,,,,,85 min
1306,tt5793200,Estonia,,,,,110 min
1307,tt5795342,Serbia,"$25,000",,,,81 min
1308,tt5798432,USA,,,,,80 min
1309,tt5799904,Uganda,"UGX15,000,000",,,,92 min
1310,tt5802944,Italy,,,,"$447,125",92 min
1311,tt5806206,USA,,,,,11 min
1312,tt5808924,Argentina,,,,$820,77 min
1313,tt5812862,USA,,,,,66 min
1314,tt5813510,South Korea,,,,,
1315,tt5816876,USA,$0,,,,105 min
1316,tt5824684,Poland,,,,,64 min
1317,tt5829510,USA,"$250,000",,,,
1318,tt5832178,Israel,,,,,88 min
1319,tt5836796,Spain,"EUR2,000",,,,
1320,tt5836990,Philippines,,,,,76 min
1321,tt5839852,Canada,,,,,80 min
1322,tt5843094,USA,"$24,000",,,,57 min
1323,tt5848416,USA,,,,,100 min
1324,tt5848862,USA,,,,,
1325,tt5850902,USA,,,,,87 min
1326,tt5859140,Germany,,,,,94 min
1327,tt5861044,,,,,,
1328,tt5862442,South Korea,,,,,128 min
1329,tt5863412,UK,"$10,000",,,,112 min
1330,tt5865370,Sweden,"SEK500,000",,,,
1331,tt5866930,China,,"$68,614,","$216,556","$36,798,147",140 min
1332,tt5871684,Estonia,,,,,10 min
1333,tt5871692,Portugal,,,,,26 min
1334,tt5875708,USA,,,,,
1335,tt5884608,USA,,,,,35 min
1336,tt5884910,Switzerland,,,,,75 min
1337,tt5891122,Spain,,"$6,536,","$24,358","$40,581",114 min
1338,tt5895022,Australia,"AUD5,000",,,,
1339,tt5896860,South Korea,,,,,130 min
1340,tt5897126,Brazil,"BRL80,000",,,,120 min
1341,tt5897422,USA,,,,,52 min
1342,tt5897948,USA,,,,,
1343,tt5898630,USA,,,,,96 min
1344,tt5907728,Iran,,,,,90 min
1345,tt5909384,Romania,,,,,15 min
1346,tt5910248,USA,,,,,84 min
1347,tt5911116,Malaysia,"MYR2,000,000",,,,
1348,tt5917990,Egypt,,,,,
1349,tt5919200,USA,,,,,
1350,tt5920072,India,"INR2,000,000",,,,
1351,tt5920384,Japan,,,,"$369,062",
1352,tt5922848,France,,,,,52 min
1353,tt5922976,New Zealand,,,,$220,144 min
1354,tt5924446,USA,"$340,000",,,,86 min
1355,tt5925084,India,"INR7,500,000",,,,
1356,tt5927470,Bosnia and Herzegovina,,,,,78 min
1357,tt5929754,USA,,"$104,589,","$1,050,616","$3,321,367",105 min
1358,tt5932296,USA,,,,,50 min
1359,tt5939324,Belgium,,,,,107 min
1360,tt5940224,France,,,,,79 min
1361,tt5940226,USA,,,,,12 min
1362,tt5940256,Australia,,,,,95 min
1363,tt5943392,UK,,,,,165 min
1364,tt5944340,Brazil,,,,,25 min
1365,tt5950434,Australia,,,,,
1366,tt5953144,USA,"$10,000",,,,
1367,tt5953594,India,,,,"$1,132",150 min
1368,tt5956100,India,"$20,470,000","$1,787,108,","$5,560,921","$87,320,000",161 min
1369,tt5960054,UK,,,,,30 min
1370,tt5961184,USA,,,,,108 min
1371,tt5961452,Sri Lanka,,,,,
1372,tt5962604,USA,"$10,000",,,,
1373,tt5968294,USA,,,,,101 min
1374,tt5968964,Brazil,"$2,500,000",,,"$2,128,497",92 min
1375,tt5975354,France,,,,"$1,426,900",94 min
1376,tt5982192,UK,"GBP2,000",,,,
1377,tt5985270,USA,"$50,000",,,,96 min
1378,tt5985820,Turkey,,,,"$1,096,103",98 min
1379,tt5987042,USA,,,,,88 min
1380,tt5991430,Germany,,,,,45 min
1381,tt5992992,USA,,,,,9 min
1382,tt5994472,Russia,,,,,103 min
1383,tt5994476,Peru,,,,,60 min
1384,tt5994492,Paraguay,,,,,65 min
1385,tt5998218,Canada,,,,,125 min
1386,tt6001856,India,,,,,128 min
1387,tt6003522,USA,"$5,000",,,,71 min
1388,tt6004088,USA,,,,,11 min
1389,tt6006558,India,,,,,70 min
1390,tt6009756,Hungary,"EUR3,333",,,,59 min
1391,tt6015290,Brazil,"$5,000",,,,98 min
1392,tt6015316,Poland,,,,,90 min
1393,tt6019406,USA,"$240,000",,,,80 min
1394,tt6021078,Germany,,,,,50 min
1395,tt6021272,Portugal,EUR500,,,,
1396,tt6021308,Mexico,,,,,125 min
1397,tt6022202,USA,$0,,,,90 min
1398,tt6025606,Argentina,"ARS37,000",,,,97 min
1399,tt6026640,Turkey,,,,"$3,162",
1400,tt6027070,France,,,,,48 min
1401,tt6029350,France,,,,"$2,087",95 min
1402,tt6029366,Turkey,,,,"$247,988",
1403,tt6030294,Netherlands,"EUR15,000",,,,
1404,tt6464500,Germany,,,,,75 min
1405,tt6464800,UK,,,,,
1406,tt6465786,USA,,,,,82 min
1407,tt6465880,UK,,,,"$46,999",96 min
1408,tt6468814,India,,,,"$24,394",
1409,tt6469334,Iran,,,,,72 min
1410,tt6469634,Germany,,,,,
1411,tt6472096,Uganda,"$12,000",,,,125 min
1412,tt6474818,Slovenia,"EUR10,000",,,,50 min
1413,tt6475726,USA,,,,,90 min
1414,tt6478116,Mexico,,,,,91 min
1415,tt6482130,Egypt,"$20,000",,,,69 min
1416,tt6483258,Chile,"$200,000",,,,96 min
1417,tt6486360,USA,,,,,30 min
1418,tt6486838,Turkey,,,,$256,78 min
1419,tt6487296,Dominican Republic,"DOP71,420,965",,,,98 min
1420,tt6492210,Kuwait,"$500,000",,,,
1421,tt6492540,USA,,,,,69 min
1422,tt6492924,UK,,,,,7 min
1423,tt6497796,El Salvador,"EUR350,000",,,,85 min
1424,tt6498818,China,,,,,81 min
1425,tt6502524,USA,"$10,000",,,,113 min
1426,tt6503672,Indonesia,,,,,
1427,tt6504556,Azerbaijan,"AZM100,000",,,,
1428,tt6506246,Sweden,,,,,100 min
1429,tt6509862,Japan,,,,"$21,454",129 min
1430,tt6512300,Denmark,,,,,80 min
1431,tt6512994,USA,,,,,59 min
1432,tt6513406,China,,,,"$103,818,506",123 min
1433,tt6516876,India,,,,,66 min
1434,tt6520634,Germany,,,,"$29,420",103 min
1435,tt6522352,India,,,,,122 min
1436,tt6522392,UK,"GBP30,000",,,,
1437,tt6524874,Lebanon,,,,,118 min
1438,tt6525846,Egypt,,,,,
1439,tt6528348,USA,,,,,90 min
1440,tt6536640,India,,,,,
1441,tt6537768,USA,,,,,180 min
1442,tt6542226,Spain,EUR233,,,,60 min
1443,tt6542454,Croatia,,,,,90 min
1444,tt6543076,USA,,,,,50 min
1445,tt6543382,India,,,,,84 min
1446,tt6544850,Philippines,,,,"$300,412",120 min
1447,tt6546808,USA,,,,,81 min
1448,tt6555628,India,,,,,112 min
1449,tt6557724,USA,,,,,86 min
1450,tt6561516,USA,$760,,,,
1451,tt6562798,UK,,,,"$900,913",60 min
1452,tt6566570,Germany,,,,,78 min
1453,tt6569172,Nepal,,,,,130 min
1454,tt6569622,Italy,,,,"$465,875",97 min
1455,tt6572714,Sweden,"SEK12,000",,,,
1456,tt6574228,UK,,,,,3 min
1457,tt6575302,India,"INR2,600,000",,,,145 min
1458,tt6581698,USA,,,,,99 min
1459,tt6582458,India,,,,,124 min
1460,tt6587914,Israel,"ILS20,000",,,,62 min
1461,tt6589920,New Zealand,NZD0,,,,
1462,tt6593104,India,,,,,139 min
1463,tt6594244,USA,,,,,87 min
1464,tt6596796,Thailand,,,,,108 min
1465,tt6597454,Spain,"EUR10,000",,,"$184,395",85 min
1466,tt6601316,Germany,"EUR800,000",,,,52 min
1467,tt6603792,Germany,,,,,
1468,tt6608878,Egypt,"$75,000",,,,
1469,tt6612258,Spain,"EUR100,000",,,,73 min
1470,tt6614920,Spain,,,,,67 min
1471,tt6615894,India,,,,"$142,281",136 min
1472,tt6617586,USA,"$35,000",,,,103 min
1473,tt6620266,India,,,,"$82,599",120 min
1474,tt6624220,USA,,,,,82 min
1475,tt6626762,Nepal,,,,,100 min
1476,tt6627366,Spain,"EUR75,000",,,,71 min
1477,tt6628198,India,,,,,94 min
1478,tt6630766,Norway,,,,,55 min
1479,tt6637082,USA,,,,,
1480,tt6639876,USA,"$50,000",,,,50 min
1481,tt6641062,USA,,,,,38 min
1482,tt6641988,UK,,,,,28 min
1483,tt6642926,Italy,,,,"$53,815",90 min
1484,tt6644234,Iran,"IRR2,000,000,000",,,,103 min
1485,tt6644792,Turkey,,,,,87 min
1486,tt6648404,Taiwan,,,,"$19,160",113 min
1487,tt6652576,USA,"$4,000",,,,65 min
1488,tt6655174,Germany,,,,,61 min
1489,tt6674542,New Zealand,"NZD150,000",,,,
1490,tt6677630,Australia,AUD250,,,,75 min
1491,tt6681608,India,,,,,
1492,tt6681620,Germany,,,,"$45,997",99 min
1493,tt6681644,France,,,,,89 min
1494,tt6683286,UK,,,,,
1495,tt6684558,USA,"$1,000",,,,
1496,tt6687474,France,,,,,55 min
1497,tt6689006,New Zealand,"NZD1,000,000",,,"$14,402",92 min
1498,tt6692276,Western Sahara,,,,,75 min
1499,tt6692354,India,"INR290,000,000","$298,032,","$298,032","$2,520,487",105 min
1500,tt6692614,Canada,"CAD160,000",,,,
1501,tt6694010,Japan,,,,,64 min
1502,tt6696094,USA,,,,,48 min
1503,tt6696286,Japan,,,,,90 min
1504,tt6709466,Japan,,,,,13 min
1505,tt6712014,India,,,,"$631,495",141 min
1506,tt6715230,UK,,,,,
1507,tt6716094,Canada,"$80,000",,,,85 min
1508,tt6716678,UK,,,,"$6,808",90 min
1509,tt6719016,Canada,,,,,93 min
1510,tt6719272,USA,,,,,
1511,tt6719978,USA,,,,,106 min
1512,tt6720644,Australia,,,,,97 min
1513,tt6724072,Argentina,"ARS700,000",,,,83 min
1514,tt6724886,Nepal,,,,,
1515,tt6730964,Egypt,,,,,
1516,tt6732040,Philippines,,,,,
1517,tt6733368,Japan,,,,"$5,657,262",117 min
1518,tt6739646,Canada,,,,"$479,054",90 min
1519,tt6740664,Germany,,,,,
1520,tt6741160,Japan,,,,,155 min
1521,tt6744318,Iran,,,,,
1522,tt6747600,Germany,,,,,
1523,tt6749002,USA,,,,,97 min
1524,tt6749272,Costa Rica,,,,,92 min
1525,tt6763698,USA,,,,,
